1;1;ESCUDO ALAVÉS;ALAVÉS;ESCUDOS;Nuevos I
2;2;ENTRENADOR ALAVÉS - Mauricio Pellegrino;ALAVÉS;ENTRENADORES;Nuevos I
3;3;ESCUDO ATHLETIC CLUB;ATHLETIC CLUB;ESCUDOS;Nuevos I
4;4;ENTRENADOR ATHLETIC CLUB - Ernesto Valverde;ATHLETIC CLUB;ENTRENADORES;Nuevos I
5;5;ESCUDO ATLÉTICO DE MADRID;ATLÉTICO DE MADRID;ESCUDOS;Nuevos I
6;6;ENTRENADOR ATLÉTICO DE MADRID - Diego Simeone;ATLÉTICO DE MADRID;ENTRENADORES;Nuevos I
7;7;ESCUDO FC BARCELONA;FC BARCELONA;ESCUDOS;Nuevos I
8;8;ENTRENADOR FC BARCELONA - Luis Enrique;FC BARCELONA;ENTRENADORES;Nuevos I
9;9;ESCUDO REAL BETIS;REAL BETIS;ESCUDOS;Nuevos I
10;10;ENTRENADOR REAL BETIS - Gustavo Poyet;REAL BETIS;ENTRENADORES;Nuevos I
11;11;ESCUDO RC CELTA;RC CELTA;ESCUDOS;Nuevos I
12;12;ENTRENADOR RC CELTA - Eduardo Berizzo;RC CELTA;ENTRENADORES;Nuevos I
13;13;ESCUDO DEPORTIVO;DEPORTIVO;ESCUDOS;Nuevos I
14;14;ENTRENADOR DEPORTIVO - Gaizka Garitano;DEPORTIVO;ENTRENADORES;Nuevos I
15;15;ESCUDO EIBAR;SD EIBAR;ESCUDOS;Nuevos I
16;16;ENTRENADOR EIBAR - José Luis Mendilíbar;SD EIBAR;ENTRENADORES;Nuevos I
17;17;ESCUDO RCD ESPANYOL;RCD ESPANYOL;ESCUDOS;Nuevos I
18;18;ENTRENADOR RCD ESPANYOL - Quique Sánchez Flores;RCD ESPANYOL;ENTRENADORES;Nuevos I
19;19;ESCUDO GRANADA;GRANADA CF;ESCUDOS;Nuevos I
20;20;ENTRENADOR GRANADA - Paco Jémez;GRANADA CF;ENTRENADORES;Nuevos I
21;21;ESCUDO UD LAS PALMAS;UD LAS PALMAS;ESCUDOS;Nuevos I
22;22;ENTRENADOR UD LAS PALMAS - Quique Setién;UD LAS PALMAS;ENTRENADORES;Nuevos I
23;23;ESCUDO LEGANÉS;CD LEGANÉS;ESCUDOS;Nuevos I
24;24;ENTRENADOR LEGANÉS - Asier Garitano;CD LEGANÉS;ENTRENADORES;Nuevos I
25;25;ESCUDO REAL MADRID;REAL MADRID;ESCUDOS;Nuevos I
26;26;ENTRENADOR REAL MADRID - Zinedine Zidane;REAL MADRID;ENTRENADORES;Nuevos I
27;27;ESCUDO MÁLAGA;MÁLAGA CF;ESCUDOS;Nuevos I
28;28;ENTRENADOR MÁLAGA - Juande Ramos;MÁLAGA CF;ENTRENADORES;Nuevos I
29;29;ESCUDO OSASUNA;C.AT. OSASUNA;ESCUDOS;Nuevos I
30;30;ENTRENADOR OSASUNA - Enrique Martín;C.AT. OSASUNA;ENTRENADORES;Nuevos I
31;31;ESCUDO REAL SOCIEDAD;REAL SOCIEDAD;ESCUDOS;Nuevos I
32;32;ENTRENADOR REAL SOCIEDAD - Eusebio Sacristán;REAL SOCIEDAD;ENTRENADORES;Nuevos I
33;33;ESCUDO SEVILLA;SEVILLA FC;ESCUDOS;Nuevos I
34;34;ENTRENADOR SEVILLA - Jorge Sampaoli;SEVILLA FC;ENTRENADORES;Nuevos I
35;35;ESCUDO SPORTING;SPORTING;ESCUDOS;Nuevos I
36;36;ENTRENADOR SPORTING- Abelardo Fernández;SPORTING;ENTRENADORES;Nuevos I
37;37;ESCUDO VALENCIA;VALENCIA CF;ESCUDOS;Nuevos I
38;38;ENTRENADOR VALENCIA - Pako Ayestarán;VALENCIA CF;ENTRENADORES;Nuevos I
39;39;ESCUDO VILLARREAL;VILLARREAL CF;ESCUDOS;Nuevos I
40;40;ENTRENADOR VILLARREAL - Marcelino García;VILLARREAL CF;ENTRENADORES;Nuevos I
41;1;Fernando Pacheco;ALAVÉS;BASE;Nuevos I
42;2;Ortolà;ALAVÉS;BASE;Nuevos II
43;3;Carpio;ALAVÉS;BASE;Nuevos I
44;4;Laguardia;ALAVÉS;BASE;Nuevos I
45;5;Feddal;ALAVÉS;BASE;Nuevos II
46;6;Alexis;ALAVÉS;BASE;Nuevos III
47;7;Raúl García;ALAVÉS;BASE;Nuevos I
48;8;Daniel Torres;ALAVÉS;BASE;Nuevos II
49;9;Manu García;ALAVÉS;BASE;Nuevos I
50;10;Christian Santos;ALAVÉS;BASE;Nuevos II
51;11;Sergio Llamas;ALAVÉS;BASE;Nuevos I
52;12;Krsticic;ALAVÉS;BASE;Nuevos II
53;13;Kiko Femenía;ALAVÉS;BASE;Nuevos I
54;14A;Manu Barreiro;ALAVÉS;BASE;Nuevos I
55;14b;Edgar;ALAVÉS;BASE;Nuevos II
56;15;Sobrino;ALAVÉS;BASE;Nuevos II
57;16;Toquero;ALAVÉS;BASE;Nuevos I
58;3BIS;Pantic;ALAVÉS;BASE;Nuevos III
59;7BIS;Theo;ALAVÉS;BASE;Nuevos III
60;4BIS;Vigaray;ALAVÉS;BASE;Nuevos IV
61;11BIS;Espinoza;ALAVÉS;BASE;Nuevos IV
71;1;Gorka Iraizoz;ATHLETIC CLUB;BASE;Nuevos I
72;2;Iago Herrerín;ATHLETIC CLUB;BASE;Nuevos I
73;3;De Marcos;ATHLETIC CLUB;BASE;Nuevos I
74;4A;Bóveda;ATHLETIC CLUB;BASE;Nuevos I
75;4B;Lekue;ATHLETIC CLUB;BASE;Nuevos I
76;5;Laporte;ATHLETIC CLUB;BASE;Nuevos I
77;6;Etxeita;ATHLETIC CLUB;BASE;Nuevos I
78;7;Balenziaga;ATHLETIC CLUB;BASE;Nuevos I
79;8;San José;ATHLETIC CLUB;BASE;Nuevos I
80;9;Beñat;ATHLETIC CLUB;BASE;Nuevos I
81;10A;Iturraspe;ATHLETIC CLUB;BASE;Nuevos I
82;10B;Elustondo;ATHLETIC CLUB;BASE;Nuevos I
83;11A;Mikel Rico;ATHLETIC CLUB;BASE;Nuevos I
84;11B;Eraso;ATHLETIC CLUB;BASE;Nuevos I
85;12;Susaeta;ATHLETIC CLUB;BASE;Nuevos I
86;13;Raúl García;ATHLETIC CLUB;BASE;Nuevos I
87;14A;Muniain;ATHLETIC CLUB;BASE;Nuevos I
88;14B;Sabin Merino;ATHLETIC CLUB;BASE;Nuevos I
89;15;Williams;ATHLETIC CLUB;BASE;Nuevos I
90;16;Aduriz;ATHLETIC CLUB;BASE;Nuevos I
91;2BIS;Kepa;ATHLETIC CLUB;BASE;Nuevos IV
92;7BIS;Vesga;ATHLETIC CLUB;BASE;Nuevos IV
101;1;Oblak;ATLÉTICO DE MADRID;BASE;Nuevos I
102;2;Moyà;ATLÉTICO DE MADRID;BASE;Nuevos I
103;3;Juanfran;ATLÉTICO DE MADRID;BASE;Nuevos I
104;4;Godín;ATLÉTICO DE MADRID;BASE;Nuevos I
105;5;Giménez;ATLÉTICO DE MADRID;BASE;Nuevos I
106;6A;Savic;ATLÉTICO DE MADRID;BASE;Nuevos I
107;6B;Lucas;ATLÉTICO DE MADRID;BASE;Nuevos I
108;7;Filipe Luis;ATLÉTICO DE MADRID;BASE;Nuevos I
109;8;Gabi;ATLÉTICO DE MADRID;BASE;Nuevos I
110;9A;Tiago;ATLÉTICO DE MADRID;BASE;Nuevos I
111;9B;Thomas;ATLÉTICO DE MADRID;BASE;Nuevos I
112;10;Augusto Fernández;ATLÉTICO DE MADRID;BASE;Nuevos I
113;11;Saúl;ATLÉTICO DE MADRID;BASE;Nuevos I
114;12;Koke;ATLÉTICO DE MADRID;BASE;Nuevos I
115;13;Carrasco;ATLÉTICO DE MADRID;BASE;Nuevos I
116;14;Correa;ATLÉTICO DE MADRID;BASE;Nuevos I
117;15;Griezmann;ATLÉTICO DE MADRID;BASE;Nuevos I
118;16;Fernando Torres;ATLÉTICO DE MADRID;BASE;Nuevos I
131;1;Bravo;FC BARCELONA;BASE;Nuevos I
132;2;Ter Stegen;FC BARCELONA;BASE;Nuevos I
133;3;Aleix Vidal;FC BARCELONA;BASE;Nuevos I
134;4;Piqué;FC BARCELONA;BASE;Nuevos I
135;5;Mascherano;FC BARCELONA;BASE;Nuevos I
136;6A;Mathieu;FC BARCELONA;BASE;Nuevos I
137;6B;Vermaelen;FC BARCELONA;BASE;Nuevos I
138;7;Jordi Alba;FC BARCELONA;BASE;Nuevos I
139;8;Sergio Busquets;FC BARCELONA;BASE;Nuevos I
140;9;Rakitic;FC BARCELONA;BASE;Nuevos I
141;10;Sergi Roberto;FC BARCELONA;BASE;Nuevos I
142;11;Arda Turan;FC BARCELONA;BASE;Nuevos I
143;12;Iniesta;FC BARCELONA;BASE;Nuevos I
144;13A;Rafinha;FC BARCELONA;BASE;Nuevos I
145;13B;Munir;FC BARCELONA;BASE;Nuevos I
146;14;Messi;FC BARCELONA;BASE;Nuevos I
147;15;Neymar;FC BARCELONA;BASE;Nuevos I
148;16;Luis Suárez;FC BARCELONA;BASE;Nuevos I
149;1BIS;Cillessen;FC BARCELONA;BASE;Nuevos IV
161;1;Adán;REAL BETIS;BASE;Nuevos I
162;2;Dani Giménez;REAL BETIS;BASE;Nuevos I
163;3;Piccini;REAL BETIS;BASE;Nuevos I
164;4A;Pezzella;REAL BETIS;BASE;Nuevos I
165;4B;Varela;REAL BETIS;BASE;Nuevos I
166;5;Bruno;REAL BETIS;BASE;Nuevos I
167;6;Mandi;REAL BETIS;BASE;Nuevos II
168;7;Durmisi;REAL BETIS;BASE;Nuevos I
169;8;Jonas Martin;REAL BETIS;BASE;Nuevos II
170;9;Petros;REAL BETIS;BASE;Nuevos I
171;10;Felipe Gutiérrez;REAL BETIS;BASE;Nuevos II
172;11;Joaquín;REAL BETIS;BASE;Nuevos I
173;12;Dani Ceballos;REAL BETIS;BASE;Nuevos I
174;13A;Cejudo;REAL BETIS;BASE;Nuevos I
175;13B;Fabián;REAL BETIS;BASE;Nuevos I
176;14;Álex Alegría;REAL BETIS;BASE;Nuevos II
177;15;Musonda;REAL BETIS;BASE;Nuevos I
178;16;Rubén Castro;REAL BETIS;BASE;Nuevos I
179;5BIS;Donk;REAL BETIS;BASE;Nuevos IV
191;1;Sergio;RC CELTA;BASE;Nuevos I
192;2;Rubén;RC CELTA;BASE;Nuevos I
193;3;Hugo Mallo;RC CELTA;BASE;Nuevos I
194;4;Cabral;RC CELTA;BASE;Nuevos I
195;5;Sergi Gómez;RC CELTA;BASE;Nuevos I
196;6A;Fontàs;RC CELTA;BASE;Nuevos I
197;6B;Planas;RC CELTA;BASE;Nuevos I
198;7;Jonny;RC CELTA;BASE;Nuevos I
199;8;Wass;RC CELTA;BASE;Nuevos I
200;9;Radoja;RC CELTA;BASE;Nuevos I
201;10;Pablo Hernández;RC CELTA;BASE;Nuevos I
202;11;Marcelo Díaz;RC CELTA;BASE;Nuevos I
203;12A;Pape Cheikh;RC CELTA;BASE;Nuevos I
204;12B;Señé;RC CELTA;BASE;Nuevos I
205;13;Beauvue;RC CELTA;BASE;Nuevos I
206;14A;Guidetti;RC CELTA;BASE;Nuevos I
207;14B;Bongonda;RC CELTA;BASE;Nuevos I
208;15;Iago Aspas;RC CELTA;BASE;Nuevos I
209;16;Orellana;RC CELTA;BASE;Nuevos I
221;1;Lux;DEPORTIVO;BASE;Nuevos I
222;2A;Tyton;DEPORTIVO;BASE;Nuevos II
223;2B;Rubén;DEPORTIVO;BASE;Nuevos II
224;3A;Laure;DEPORTIVO;BASE;Nuevos I
225;3B;Juanfran;DEPORTIVO;BASE;Nuevos I
226;4;Albentosa;DEPORTIVO;BASE;Nuevos II
227;5;Sidnei;DEPORTIVO;BASE;Nuevos I
228;6;Arribas;DEPORTIVO;BASE;Nuevos I
229;7;Fernando Navarro;DEPORTIVO;BASE;Nuevos I
230;8;Colak;DEPORTIVO;BASE;Nuevos III
231;9;Álex Bergantiños;DEPORTIVO;BASE;Nuevos I
232;10;Borges;DEPORTIVO;BASE;Nuevos I
233;11;Mosquera;DEPORTIVO;BASE;Nuevos I
234;12;Fajr;DEPORTIVO;BASE;Nuevos I
235;13;Carles Gil;DEPORTIVO;BASE;Nuevos III
236;14;Bruno Gama;DEPORTIVO;BASE;Nuevos III
237;15;Lucas Pérez;DEPORTIVO;BASE;Nuevos I
238;16;Oriol Riera;DEPORTIVO;BASE;Nuevos I
239;16BIS;Andone;DEPORTIVO;BASE;Nuevos III
240;7BIS;Luisinho;DEPORTIVO;BASE;Nuevos IV
241;15BIS;Joselu;DEPORTIVO;BASE;Nuevos IV
251;1;Riesgo;SD EIBAR;BASE;Nuevos I
252;2;Yoel;SD EIBAR;BASE;Nuevos II
253;3;Capa;SD EIBAR;BASE;Nuevos I
254;4;Mauro dos Santos;SD EIBAR;BASE;Nuevos I
255;5;Ramis;SD EIBAR;BASE;Nuevos I
256;6;Lejeune;SD EIBAR;BASE;Nuevos II
257;7A;Juncà;SD EIBAR;BASE;Nuevos I
258;7B;Luna;SD EIBAR;BASE;Nuevos I
259;8;Escalante;SD EIBAR;BASE;Nuevos I
260;9;Dani García;SD EIBAR;BASE;Nuevos I
261;10;Pedro León;SD EIBAR;BASE;Nuevos II
262;11A;Jota Peleteiro;SD EIBAR;BASE;Nuevos I
263;11B;Christian Rivera;SD EIBAR;BASE;Nuevos II
264;12;Adrián;SD EIBAR;BASE;Nuevos I
265;13;Inui;SD EIBAR;BASE;Nuevos I
266;14;Rubén Peña;SD EIBAR;BASE;Nuevos II
267;15;Kike García;SD EIBAR;BASE;Nuevos I
268;16;Sergi Enrich;SD EIBAR;BASE;Nuevos I
269;4BIS;Arbilla;SD EIBAR;BASE;Nuevos IV
270;16BIS;Nano;SD EIBAR;BASE;Nuevos IV
281;1;Roberto;RCD ESPANYOL;BASE;Nuevos I
282;2;Pau López;RCD ESPANYOL;BASE;Nuevos I
283;3A;Javi López;RCD ESPANYOL;BASE;Nuevos I
284;3B;Arbilla;RCD ESPANYOL;BASE;Nuevos I
285;4;Ciani;RCD ESPANYOL;BASE;Nuevos III
286;5;Óscar Duarte;RCD ESPANYOL;BASE;Nuevos I
287;6;Álvaro;RCD ESPANYOL;BASE;Nuevos I
288;7;Duarte;RCD ESPANYOL;BASE;Nuevos I
289;8;Diop;RCD ESPANYOL;BASE;Nuevos I
290;9;Víctor Sánchez;RCD ESPANYOL;BASE;Nuevos I
291;10A;Víctor Álvarez;RCD ESPANYOL;BASE;Nuevos I
292;10B;Salva Sevilla;RCD ESPANYOL;BASE;Nuevos I
293;11;Javi Fuego;RCD ESPANYOL;BASE;Nuevos III
294;12;Jurado;RCD ESPANYOL;BASE;Nuevos I
295;13;Hernán Pérez;RCD ESPANYOL;BASE;Nuevos I
296;14;Leo Baptistao;RCD ESPANYOL;BASE;Nuevos I
297;15;Gerard Moreno;RCD ESPANYOL;BASE;Nuevos I
298;16;Caicedo;RCD ESPANYOL;BASE;Nuevos I
299;2BIS;Diego López;RCD ESPANYOL;BASE;Nuevos IV
300;4BIS;Demichelis;RCD ESPANYOL;BASE;Nuevos IV
301;6BIS;Diego Reyes;RCD ESPANYOL;BASE;Nuevos IV
311;1;Ochoa;GRANADA CF;BASE;Nuevos III
312;2;Kelava;GRANADA CF;BASE;Nuevos I
313;3;Tito;GRANADA CF;BASE;Nuevos III
314;4;Foulquier;GRANADA CF;BASE;Nuevos I
315;5;Lombán;GRANADA CF;BASE;Nuevos I
316;6;Babin;GRANADA CF;BASE;Nuevos I
317;7;Gabriel Silva;GRANADA CF;BASE;Nuevos II
318;8;Krhin;GRANADA CF;BASE;Nuevos I
319;9;Rubén Pérez;GRANADA CF;BASE;Nuevos I
320;10;Fran Rico;GRANADA CF;BASE;Nuevos I
321;11;Javi Márquez;GRANADA CF;BASE;Nuevos I
322;12;Rochina;GRANADA CF;BASE;Nuevos I
323;13A;Edgar;GRANADA CF;BASE;Nuevos I
324;13B;Uche;GRANADA CF;BASE;Nuevos I
325;14;Boga;GRANADA CF;BASE;Nuevos III
326;15A;Cuenca;GRANADA CF;BASE;Nuevos I
327;15B;Barral;GRANADA CF;BASE;Nuevos I
328;16;Ponce;GRANADA CF;BASE;Nuevos III
329;6BIS;Saunier;GRANADA CF;BASE;Nuevos III
330;12BIS;Toral;GRANADA CF;BASE;Nuevos III
331;2BIS;Oier;GRANADA CF;BASE;Nuevos IV
332;4BIS;Gastón Silva;GRANADA CF;BASE;Nuevos IV
333;5BIS;Rubén Vezo;GRANADA CF;BASE;Nuevos IV
334;9BIS;Samper;GRANADA CF;BASE;Nuevos IV
335;10BIS;Pereira;GRANADA CF;BASE;Nuevos IV
336;11BIS;Atzili;GRANADA CF;BASE;Nuevos IV
337;16BIS;Kravets;GRANADA CF;BASE;Nuevos IV
341;1;Javi Varas;UD LAS PALMAS;BASE;Nuevos I
342;2;Raúl Lizoain;UD LAS PALMAS;BASE;Nuevos I
343;3;David Simón;UD LAS PALMAS;BASE;Nuevos I
344;4A;Lemos;UD LAS PALMAS;BASE;Nuevos I
345;4B;David García;UD LAS PALMAS;BASE;Nuevos I
346;5;Aythami;UD LAS PALMAS;BASE;Nuevos I
347;6;Bigas;UD LAS PALMAS;BASE;Nuevos I
348;7;Dani Castellano;UD LAS PALMAS;BASE;Nuevos I
349;8A;Roque;UD LAS PALMAS;BASE;Nuevos I
350;8B;Javi Castellano;UD LAS PALMAS;BASE;Nuevos I
351;9;Hernán;UD LAS PALMAS;BASE;Nuevos I
352;10;Montoro;UD LAS PALMAS;BASE;Nuevos I
353;11;Vicente Gómez;UD LAS PALMAS;BASE;Nuevos I
354;12;El Zhar;UD LAS PALMAS;BASE;Nuevos I
355;13;Momo;UD LAS PALMAS;BASE;Nuevos I
356;14;Tana;UD LAS PALMAS;BASE;Nuevos I
357;15;Jonathan Viera;UD LAS PALMAS;BASE;Nuevos I
358;16;Araujo;UD LAS PALMAS;BASE;Nuevos I
359;3BIS;Michel;UD LAS PALMAS;BASE;Nuevos III
371;1;Serantes;CD LEGANÉS;BASE;Nuevos I
372;2;Brignoli;CD LEGANÉS;BASE;Nuevos II
373;3A;Víctor Díaz;CD LEGANÉS;BASE;Nuevos I
374;3B;Adrián Marín;CD LEGANÉS;BASE;Nuevos III
375;4;Bustinza;CD LEGANÉS;BASE;Nuevos II
376;5;Mantovani;CD LEGANÉS;BASE;Nuevos I
377;6;Insua;CD LEGANÉS;BASE;Nuevos I
378;7;Medjani;CD LEGANÉS;BASE;Nuevos III
379;8;Alberto Martín;CD LEGANÉS;BASE;Nuevos I
380;9;Sastre;CD LEGANÉS;BASE;Nuevos I
381;10;Timor;CD LEGANÉS;BASE;Nuevos I
382;11;Rubén Pérez;CD LEGANÉS;BASE;Nuevos III
383;12;Gabriel;CD LEGANÉS;BASE;Nuevos I
384;13;Omar Ramos;CD LEGANÉS;BASE;Nuevos I
385;14;Unai López;CD LEGANÉS;BASE;Nuevos III
386;15;Guerrero;CD LEGANÉS;BASE;Nuevos I
387;16;Szymanowski;CD LEGANÉS;BASE;Nuevos I
388;6BIS;Diego Rico;CD LEGANÉS;BASE;Nuevos IV
389;13BIS;Robert;CD LEGANÉS;BASE;Nuevos IV
390;14BIS;Luciano;CD LEGANÉS;BASE;Nuevos IV
401;1;Keylor Navas;REAL MADRID;BASE;Nuevos I
402;2;Casilla;REAL MADRID;BASE;Nuevos I
403;3A;Carvajal;REAL MADRID;BASE;Nuevos I
404;3B;Danilo;REAL MADRID;BASE;Nuevos I
405;4;Pepe;REAL MADRID;BASE;Nuevos I
406;5;Sergio Ramos;REAL MADRID;BASE;Nuevos I
407;6A;Varane;REAL MADRID;BASE;Nuevos I
408;6B;Nacho;REAL MADRID;BASE;Nuevos I
409;7;Marcelo;REAL MADRID;BASE;Nuevos I
410;8;Casemiro;REAL MADRID;BASE;Nuevos I
411;9;Kroos;REAL MADRID;BASE;Nuevos I
412;10;Modric;REAL MADRID;BASE;Nuevos I
413;11A;Isco;REAL MADRID;BASE;Nuevos I
414;11B;Kovacic;REAL MADRID;BASE;Nuevos I
415;12;Bale;REAL MADRID;BASE;Nuevos I
416;13;James Rodríguez;REAL MADRID;BASE;Nuevos I
417;14A;Lucas Vázquez;REAL MADRID;BASE;Nuevos I
418;14B;Jesé;REAL MADRID;BASE;Nuevos I
419;15;Cristiano Ronaldo;REAL MADRID;BASE;Nuevos I
420;16;Benzema;REAL MADRID;BASE;Nuevos I
421;13BIS;Mariano;REAL MADRID;BASE;Nuevos IV
431;1;Kameni;MÁLAGA CF;BASE;Nuevos I
432;2;Ochoa;MÁLAGA CF;BASE;Nuevos I
433;3;Rosales;MÁLAGA CF;BASE;Nuevos I
434;4;Diego Llorente;MÁLAGA CF;BASE;Nuevos II
435;5;Weligton;MÁLAGA CF;BASE;Nuevos I
436;6;Koné;MÁLAGA CF;BASE;Nuevos II
437;7A;Torres;MÁLAGA CF;BASE;Nuevos I
438;7B;Ricca;MÁLAGA CF;BASE;Nuevos I
439;8;Camacho;MÁLAGA CF;BASE;Nuevos I
440;9;Recio;MÁLAGA CF;BASE;Nuevos I
441;10;Juan Carlos;MÁLAGA CF;BASE;Nuevos I
442;11;Juanpi;MÁLAGA CF;BASE;Nuevos I
443;12A;Pablo Fornals;MÁLAGA CF;BASE;Nuevos I
444;12B;Duda;MÁLAGA CF;BASE;Nuevos I
445;13;Keko;MÁLAGA CF;BASE;Nuevos I
446;14;Castro;MÁLAGA CF;BASE;Nuevos I
447;15;Charles;MÁLAGA CF;BASE;Nuevos I
448;16;Michael Santos;MÁLAGA CF;BASE;Nuevos I
449;2BIS;Boyko;MÁLAGA CF;BASE;Nuevos IV
461;1;Nauzet;C.AT. OSASUNA;BASE;Nuevos I
462;2;Mario;C.AT. OSASUNA;BASE;Nuevos I
463;3;Javier Flaño;C.AT. OSASUNA;BASE;Nuevos I
464;4;Tano;C.AT. OSASUNA;BASE;Nuevos I
465;5;Miguel Flaño;C.AT. OSASUNA;BASE;Nuevos I
466;6;David García;C.AT. OSASUNA;BASE;Nuevos I
467;7;Unai García;C.AT. OSASUNA;BASE;Nuevos I
468;8;Oier;C.AT. OSASUNA;BASE;Nuevos I
469;9;Fausto Tienza;C.AT. OSASUNA;BASE;Nuevos II
470;10;Roberto Torres;C.AT. OSASUNA;BASE;Nuevos I
471;11;De las Cuevas;C.AT. OSASUNA;BASE;Nuevos I
472;12A;Olavide;C.AT. OSASUNA;BASE;Nuevos I
473;12B;Otegui;C.AT. OSASUNA;BASE;Nuevos II
474;13;Berenguer;C.AT. OSASUNA;BASE;Nuevos I
475;14;Jaime Romero;C.AT. OSASUNA;BASE;Nuevos II
476;15A;Kenan Kodro;C.AT. OSASUNA;BASE;Nuevos I
477;15B;Urko Vera;C.AT. OSASUNA;BASE;Nuevos I
478;16;Nino;C.AT. OSASUNA;BASE;Nuevos I
479;7BIS;Fuentes;C.AT. OSASUNA;BASE;Nuevos III
480;9BIS;Digard;C.AT. OSASUNA;BASE;Nuevos IV
481;14BIS;Rivière;C.AT. OSASUNA;BASE;Nuevos IV
482;16BIS;Oriol Riera;C.AT. OSASUNA;BASE;Nuevos IV
491;1;Rulli;REAL SOCIEDAD;BASE;Nuevos I
492;2;Toño Ramírez;REAL SOCIEDAD;BASE;Nuevos II
493;3A;Zaldúa;REAL SOCIEDAD;BASE;Nuevos I
494;3B;Carlos Martínez;REAL SOCIEDAD;BASE;Nuevos I
495;4;Aritz Elustondo;REAL SOCIEDAD;BASE;Nuevos I
496;5;Íñigo Martínez;REAL SOCIEDAD;BASE;Nuevos I
497;6;Mikel González;REAL SOCIEDAD;BASE;Nuevos I
498;7A;Yuri;REAL SOCIEDAD;BASE;Nuevos I
499;7B;Héctor;REAL SOCIEDAD;BASE;Nuevos I
500;8;Markel;REAL SOCIEDAD;BASE;Nuevos I
501;9;Illarramendi;REAL SOCIEDAD;BASE;Nuevos I
502;10;Rubén Pardo;REAL SOCIEDAD;BASE;Nuevos I
503;11A;Zurutuza;REAL SOCIEDAD;BASE;Nuevos I
504;11B;Granero;REAL SOCIEDAD;BASE;Nuevos I
505;12;Canales;REAL SOCIEDAD;BASE;Nuevos I
506;13A;Xabi Prieto;REAL SOCIEDAD;BASE;Nuevos I
507;13B;Jonathas;REAL SOCIEDAD;BASE;Nuevos I
508;14;Oyarzábal;REAL SOCIEDAD;BASE;Nuevos I
509;15;Vela;REAL SOCIEDAD;BASE;Nuevos I
510;16;Aguirretxe;REAL SOCIEDAD;BASE;Nuevos I
521;1;Sergio Rico;SEVILLA FC;BASE;Nuevos I
522;2;David Soria;SEVILLA FC;BASE;Nuevos I
523;3;Mariano;SEVILLA FC;BASE;Nuevos I
524;4;Coke;SEVILLA FC;BASE;Nuevos I
525;5;Kolodziejczak;SEVILLA FC;BASE;Nuevos I
526;6;Rami;SEVILLA FC;BASE;Nuevos I
527;7;Carriço;SEVILLA FC;BASE;Nuevos I
528;8A;Tremoulinas;SEVILLA FC;BASE;Nuevos I
529;8B;Escudero;SEVILLA FC;BASE;Nuevos I
530;9;N'Zonzi;SEVILLA FC;BASE;Nuevos I
531;10A;Krohn-Dehli;SEVILLA FC;BASE;Nuevos I
532;10B;Cristóforo;SEVILLA FC;BASE;Nuevos I
533;11;Sarabia;SEVILLA FC;BASE;Nuevos I
534;12;Iborra;SEVILLA FC;BASE;Nuevos I
535;13;Vitolo;SEVILLA FC;BASE;Nuevos I
536;14A;Konoplyanka;SEVILLA FC;BASE;Nuevos I
537;14B;Juan Muñoz;SEVILLA FC;BASE;Nuevos I
538;15;Llorente;SEVILLA FC;BASE;Nuevos I
539;16;Gameiro;SEVILLA FC;BASE;Nuevos I
540;4BIS;Mercado;SEVILLA FC;BASE;Nuevos III
541;15BIS;Vietto;SEVILLA FC;BASE;Nuevos III
542;16BIS;Ben Yedder;SEVILLA FC;BASE;Nuevos III
543;5BIS;Pareja;SEVILLA FC;BASE;Nuevos IV
544;14BIS;Correa;SEVILLA FC;BASE;Nuevos IV
551;1;Cuéllar;SPORTING;BASE;Nuevos I
552;2;Mariño;SPORTING;BASE;Nuevos II
553;3;Lora;SPORTING;BASE;Nuevos I
554;4;Vranjes;SPORTING;BASE;Nuevos I
555;5;Meré;SPORTING;BASE;Nuevos I
556;6;Amorebieta;SPORTING;BASE;Nuevos II
557;7A;Lillo;SPORTING;BASE;Nuevos III
558;7B;Canella;SPORTING;BASE;Nuevos I
559;8;Isma López;SPORTING;BASE;Nuevos I
560;9;Sergio Álvarez;SPORTING;BASE;Nuevos I
561;10;Nacho Cases;SPORTING;BASE;Nuevos I
562;11;Moi Gómez;SPORTING;BASE;Nuevos III
563;12A;Rachid;SPORTING;BASE;Nuevos I
564;12B;Pablo Pérez;SPORTING;BASE;Nuevos I
565;13A;Dani Ndi;SPORTING;BASE;Nuevos I
566;13B;Carmona;SPORTING;BASE;Nuevos I
567;14;Víctor Rodríguez;SPORTING;BASE;Nuevos III
568;15;Castro;SPORTING;BASE;Nuevos I
569;16;Duje Cop;SPORTING;BASE;Nuevos II
570;4BIS;Babin;SPORTING;BASE;Nuevos III
571;3BIS;Douglas;SPORTING;BASE;Nuevos IV
581;1;Ryan;VALENCIA CF;BASE;Nuevos I
582;2;Jaume;VALENCIA CF;BASE;Nuevos I
583;3;Cancelo;VALENCIA CF;BASE;Nuevos I
584;4;Mustafi;VALENCIA CF;BASE;Nuevos I
585;5;Abdenour;VALENCIA CF;BASE;Nuevos I
586;6;Rubén Vezo;VALENCIA CF;BASE;Nuevos II
587;7;Gayà;VALENCIA CF;BASE;Nuevos I
588;8;Siqueira;VALENCIA CF;BASE;Nuevos I
589;9A;Enzo Pérez;VALENCIA CF;BASE;Nuevos I
590;9B;Javi Fuego;VALENCIA CF;BASE;Nuevos I
591;10;André Gomes;VALENCIA CF;BASE;Nuevos I
592;11;Medrán;VALENCIA CF;BASE;Nuevos III
593;12;Parejo;VALENCIA CF;BASE;Nuevos I
594;13;Santi Mina;VALENCIA CF;BASE;Nuevos I
595;14A;Rodrigo;VALENCIA CF;BASE;Nuevos I
596;14B;Negredo;VALENCIA CF;BASE;Nuevos I
597;15;Alcácer;VALENCIA CF;BASE;Nuevos I
599;2BIS;Diego Alves;VALENCIA CF;BASE;Nuevos IV
600;4BIS;Mangala;VALENCIA CF;BASE;Nuevos IV
601;6BIS;Aderlan Santos;VALENCIA CF;BASE;Nuevos IV
602;10BIS;Mario Suárez;VALENCIA CF;BASE;Nuevos IV
598;16;Bakkali;VALENCIA CF;BASE;Nuevos I
603;15BIS;Fede Cartabia;VALENCIA CF;BASE;Nuevos IV
611;1;Sergio Asenjo;VILLARREAL CF;BASE;Nuevos I
612;2;Barbosa;VILLARREAL CF;BASE;Nuevos I
613;3;Mario;VILLARREAL CF;BASE;Nuevos I
614;4A;Rukavina;VILLARREAL CF;BASE;Nuevos I
615;4B;Bonera;VILLARREAL CF;BASE;Nuevos I
616;5;Musacchio;VILLARREAL CF;BASE;Nuevos I
617;6;Víctor Ruiz;VILLARREAL CF;BASE;Nuevos I
618;7A;Jaume Costa;VILLARREAL CF;BASE;Nuevos I
619;7B;Adrián Marín;VILLARREAL CF;BASE;Nuevos I
620;8;N'Diaye;VILLARREAL CF;BASE;Nuevos II
621;9;Bruno;VILLARREAL CF;BASE;Nuevos I
622;10;Manu Trigueros;VILLARREAL CF;BASE;Nuevos I
623;11;Cheryshev;VILLARREAL CF;BASE;Nuevos II
624;12;Jonathan Dos Santos;VILLARREAL CF;BASE;Nuevos I
625;13;Samu Castillejo;VILLARREAL CF;BASE;Nuevos I
626;14;Adrián;VILLARREAL CF;BASE;Nuevos I
627;15;Bakambu;VILLARREAL CF;BASE;Nuevos I
628;16;Soldado;VILLARREAL CF;BASE;Nuevos I
629;2BIS;Andrés Fernández;VILLARREAL CF;BASE;Nuevos III
630;14BIS;Sansone;VILLARREAL CF;BASE;Nuevos III
631;40BIS;Fran Escribá;VILLARREAL CF;BASE;Nuevos III
632;16BIS;Santos Borré;VILLARREAL CF;BASE;Nuevos IV
641;1;Aduriz;;SERIE ORO;Nuevos I
642;2;Alcácer;;SERIE ORO;Nuevos I
643;3;Bale;;SERIE ORO;Nuevos I
644;4;Benzema;;SERIE ORO;Nuevos I
645;5;Cristiano Ronaldo;;SERIE ORO;Nuevos I
646;6;Godín;;SERIE ORO;Nuevos I
647;7;Griezmann;;SERIE ORO;Nuevos I
648;8;Iniesta;;SERIE ORO;Nuevos I
649;9;Koke;;SERIE ORO;Nuevos I
650;10;Luis Suárez;;SERIE ORO;Nuevos I
651;11;Messi;;SERIE ORO;Nuevos I
652;12;Modric;;SERIE ORO;Nuevos I
653;13;Neymar;;SERIE ORO;Nuevos I
654;14;Piqué;;SERIE ORO;Nuevos I
655;15;Sergio Ramos;;SERIE ORO;Nuevos I
656;16;Soldado;;SERIE ORO;Nuevos I
661;1;Escudos LaLiga 2 - Alcorcón / Almería;;LALIGA 2;Nuevos I
662;2;Escudos LaLiga 2 - Cádiz / Córdoba;;LALIGA 2;Nuevos I
663;3;Escudos LaLiga 2 - Elche / Getafe;;LALIGA 2;Nuevos I
664;4;Escudos LaLiga 2 - Gimnàstic / Girona;;LALIGA 2;Nuevos I
665;5;Escudos LaLiga 2 - Huesca / Levante;;LALIGA 2;Nuevos I
666;6;Escudos LaLiga 2 - Lugi / Mallorca;;LALIGA 2;Nuevos I
667;7;Escudos LaLiga 2 - Mirandés / Numancia;;LALIGA 2;Nuevos I
668;8;Escudos LaLiga 2 - Oviedo / Rayo Vallecano;;LALIGA 2;Nuevos I
669;9;Escudos LaLiga 2 - Reus / Sevilla Atlético;;LALIGA 2;Nuevos I
670;10;Escudos LaLiga 2 - Tenerife / UCAM Murcia;;LALIGA 2;Nuevos I
671;11;Escudos LaLiga 2 - Valladolid / Zaragoza;;LALIGA 2;Nuevos I
681;1;Juanmi;REAL SOCIEDAD;ÚLTIMOS FICHAJES;Nuevos I
682;2;Nahuel;REAL BETIS;ÚLTIMOS FICHAJES;Nuevos I
683;3;Naranjo;RC CELTA;ÚLTIMOS FICHAJES;Nuevos I
684;4;Jony;MÁLAGA CF;ÚLTIMOS FICHAJES;Nuevos I
685;5;Kiyotake;SEVILLA FC;ÚLTIMOS FICHAJES;Nuevos I
686;6;Reyes;RCD ESPANYOL;ÚLTIMOS FICHAJES;Nuevos I
687;7;Denis Suárez;FC BARCELONA;ÚLTIMOS FICHAJES;Nuevos I
688;8;Deyverson;ALAVÉS;ÚLTIMOS FICHAJES;Nuevos II
689;9;Hélder Lopes;UD LAS PALMAS;ÚLTIMOS FICHAJES;Nuevos II
690;10;Bebé;SD EIBAR;ÚLTIMOS FICHAJES;Nuevos II
691;11;Umtiti;FC BARCELONA;ÚLTIMOS FICHAJES;Nuevos II
692;12;Gaitán;ATLÉTICO DE MADRID;ÚLTIMOS FICHAJES;Nuevos II
693;13;Causic;C.AT. OSASUNA;ÚLTIMOS FICHAJES;Nuevos II
694;14;Kuzmanovic;MÁLAGA CF;ÚLTIMOS FICHAJES;Nuevos II
695;15;Kranevitter;SEVILLA FC;ÚLTIMOS FICHAJES;Nuevos II
696;16;Roncaglia;RC CELTA;ÚLTIMOS FICHAJES;Nuevos II
697;17;Piatti;RCD ESPANYOL;ÚLTIMOS FICHAJES;Nuevos II
698;18;Sandro;MÁLAGA CF;ÚLTIMOS FICHAJES;Nuevos II
699;19;Sanabria;REAL BETIS;ÚLTIMOS FICHAJES;Nuevos II
700;20;Vrsaljko;ATLÉTICO DE MADRID;ÚLTIMOS FICHAJES;Nuevos II
701;21;Ganso;SEVILLA FC;ÚLTIMOS FICHAJES;Nuevos II
702;22;Livaja;UD LAS PALMAS;ÚLTIMOS FICHAJES;Nuevos II
703;23;Morata;REAL MADRID;ÚLTIMOS FICHAJES;Nuevos II
704;24;André Gomes;FC BARCELONA;ÚLTIMOS FICHAJES;Nuevos II
705;25;Nani;VALENCIA CF;ÚLTIMOS FICHAJES;Nuevos II
706;26;José Ángel;VILLARREAL CF;ÚLTIMOS FICHAJES;Nuevos III
707;27;Burgui;SPORTING;ÚLTIMOS FICHAJES;Nuevos III
708;28;Guilherme;DEPORTIVO;ÚLTIMOS FICHAJES;Nuevos III
709;29;Fran Mérida;C.AT. OSASUNA;ÚLTIMOS FICHAJES;Nuevos III
710;30;Gálvez;SD EIBAR;ÚLTIMOS FICHAJES;Nuevos III
711;31;Ibai Gómez;ALAVÉS;ÚLTIMOS FICHAJES;Nuevos III
712;32;Willian José;REAL SOCIEDAD;ÚLTIMOS FICHAJES;Nuevos III
713;33;Boateng;UD LAS PALMAS;ÚLTIMOS FICHAJES;Nuevos III
714;34;Digne;FC BARCELONA;ÚLTIMOS FICHAJES;Nuevos III
715;35;Sisto;RC CELTA;ÚLTIMOS FICHAJES;Nuevos III
716;36;Gameiro;ATLÉTICO DE MADRID;ÚLTIMOS FICHAJES;Nuevos III
717;37;Roberto Soriano;VILLARREAL CF;ÚLTIMOS FICHAJES;Nuevos III
718;38;Zozulya;REAL BETIS;ÚLTIMOS FICHAJES;Nuevos III
719;39;Franco Vázquez;SEVILLA FC;ÚLTIMOS FICHAJES;Nuevos III
720;40;Montoya;VALENCIA CF;ÚLTIMOS FICHAJES;Nuevos III
721;41;Pato;VILLARREAL CF;ÚLTIMOS FICHAJES;Nuevos III
722;42;Xavi Torres;SPORTING;ÚLTIMOS FICHAJES;Nuevos IV
723;43;Clerc;C.AT. OSASUNA;ÚLTIMOS FICHAJES;Nuevos IV
724;44;Camarasa;ALAVÉS;ÚLTIMOS FICHAJES;Nuevos IV
725;45;Marlos Moreno;DEPORTIVO;ÚLTIMOS FICHAJES;Nuevos IV
726;46;Machis;CD LEGANÉS;ÚLTIMOS FICHAJES;Nuevos IV
727;47;David López;RCD ESPANYOL;ÚLTIMOS FICHAJES;Nuevos IV
728;48;Carcela;GRANADA CF;ÚLTIMOS FICHAJES;Nuevos IV
729;49;Álvaro;VILLARREAL CF;ÚLTIMOS FICHAJES;Nuevos IV
730;50;Sirigu;SEVILLA FC;ÚLTIMOS FICHAJES;Nuevos IV
731;51;Fran Rico;SD EIBAR;ÚLTIMOS FICHAJES;Nuevos IV
732;52;Munir;VALENCIA CF;ÚLTIMOS FICHAJES;Nuevos IV
733;53;Viguera;SPORTING;ÚLTIMOS FICHAJES;Nuevos IV
734;54;Marcos Llorente;ALAVÉS;ÚLTIMOS FICHAJES;Nuevos IV
735;55;Sergio León;C.AT. OSASUNA;ÚLTIMOS FICHAJES;Nuevos IV
736;56;Brasanac;REAL BETIS;ÚLTIMOS FICHAJES;Nuevos IV
737;57;Koné;CD LEGANÉS;ÚLTIMOS FICHAJES;Nuevos IV
738;58;Bueno;GRANADA CF;ÚLTIMOS FICHAJES;Nuevos IV
739;59;Rossi;RC CELTA;ÚLTIMOS FICHAJES;Nuevos IV
740;60;Marco Asensio;REAL MADRID;ÚLTIMOS FICHAJES;Nuevos IV
741;61;Nasri;SEVILLA FC;ÚLTIMOS FICHAJES;Nuevos IV
742;62;Garay;VALENCIA CF;ÚLTIMOS FICHAJES;Nuevos IV
743;63;Álvaro;RCD ESPANYOL;ÚLTIMOS FICHAJES;Nuevos IV
744;64;Alcácer;FC BARCELONA;ÚLTIMOS FICHAJES;Nuevos IV
751;1;Capi;;VALORES DEL CAPI;Nuevos I
752;2;Capi;;VALORES DEL CAPI;Nuevos I
753;3;Capi;;VALORES DEL CAPI;Nuevos I
754;4;Capi;;VALORES DEL CAPI;Nuevos I
755;5;Capi;;VALORES DEL CAPI;Nuevos I
756;6;Capi;;VALORES DEL CAPI;Nuevos I
757;7;Capi;;VALORES DEL CAPI;Nuevos I
